id_site,code_module,code_presentation,activity_type,week_from,week_to
877162,AAA,2014J,resource,,
877223,AAA,2014J,resource,,
877032,AAA,2014J,oucontent,,
877263,AAA,2014J,resource,,
877064,AAA,2014J,oucontent,,
877098,AAA,2014J,oucontent,,
877157,AAA,2014J,resource,,
877220,AAA,2014J,resource,,
877029,AAA,2014J,glossary,,
877260,AAA,2014J,resource,,
877061,AAA,2014J,oucontent,,
1032910,AAA,2014J,url,,
877094,AAA,2014J,oucontent,,
877154,AAA,2014J,resource,,
877217,AAA,2014J,resource,,
877025,AAA,2014J,forumng,,
877256,AAA,2014J,resource,,
877058,AAA,2014J,oucontent,,
877423,AAA,2014J,dataplus,,
877091,AAA,2014J,oucontent,,
877151,AAA,2014J,resource,,
877214,AAA,2014J,resource,,
877012,AAA,2014J,forumng,,
877253,AAA,2014J,resource,,
877055,AAA,2014J,oucontent,,
877420,AAA,2014J,dataplus,,
877088,AAA,2014J,oucontent,,
877148,AAA,2014J,resource,,
877211,AAA,2014J,resource,,
877247,AAA,2014J,resource,,
877052,AAA,2014J,oucontent,,
877402,AAA,2014J,url,,
877085,AAA,2014J,oucontent,,
877145,AAA,2014J,resource,,
877208,AAA,2014J,resource,,
877244,AAA,2014J,resource,,
877049,AAA,2014J,oucontent,,
877397,AAA,2014J,url,,
877081,AAA,2014J,oucontent,,
877142,AAA,2014J,resource,,
877203,AAA,2014J,resource,,
877241,AAA,2014J,resource,,
877046,AAA,2014J,oucontent,,
877394,AAA,2014J,url,,
877078,AAA,2014J,oucontent,,
877197,AAA,2014J,resource,,
877237,AAA,2014J,resource,,
877043,AAA,2014J,oucontent,,
877387,AAA,2014J,url,,
877075,AAA,2014J,oucontent,,
877139,AAA,2014J,resource,,
877190,AAA,2014J,resource,,
877233,AAA,2014J,resource,,
877040,AAA,2014J,oucontent,2,2
877384,AAA,2014J,url,,
877072,AAA,2014J,oucontent,,
877135,AAA,2014J,subpage,,
877184,AAA,2014J,resource,,
877229,AAA,2014J,resource,,
877037,AAA,2014J,oucontent,,
877380,AAA,2014J,oucollaborate,,
877069,AAA,2014J,oucontent,,
877132,AAA,2014J,subpage,,
877172,AAA,2014J,resource,,
877225,AAA,2014J,resource,,
877034,AAA,2014J,oucontent,,
877265,AAA,2014J,resource,,
877066,AAA,2014J,oucontent,,
877100,AAA,2014J,oucontent,,
877159,AAA,2014J,resource,,
877222,AAA,2014J,resource,,
877031,AAA,2014J,oucontent,,
877262,AAA,2014J,resource,,
877063,AAA,2014J,oucontent,,
1072237,AAA,2014J,url,,
877096,AAA,2014J,oucontent,,
877156,AAA,2014J,resource,,
877219,AAA,2014J,resource,,
877028,AAA,2014J,glossary,,
877259,AAA,2014J,resource,,
877060,AAA,2014J,oucontent,,
1027118,AAA,2014J,url,,
877093,AAA,2014J,oucontent,,
877153,AAA,2014J,resource,,
877216,AAA,2014J,resource,,
877023,AAA,2014J,forumng,,
877255,AAA,2014J,resource,,
877057,AAA,2014J,oucontent,,
877422,AAA,2014J,dataplus,,
877090,AAA,2014J,oucontent,,
877150,AAA,2014J,resource,,
877213,AAA,2014J,resource,,
877011,AAA,2014J,forumng,,
877252,AAA,2014J,resource,,
877054,AAA,2014J,oucontent,,
877404,AAA,2014J,url,,
877087,AAA,2014J,oucontent,,
877147,AAA,2014J,resource,,
877210,AAA,2014J,resource,,
877246,AAA,2014J,resource,,
877051,AAA,2014J,oucontent,,
877399,AAA,2014J,url,,
877084,AAA,2014J,oucontent,,
877144,AAA,2014J,resource,,
877207,AAA,2014J,resource,,
877243,AAA,2014J,resource,,
877048,AAA,2014J,oucontent,,
877396,AAA,2014J,url,,
877080,AAA,2014J,oucontent,,
877141,AAA,2014J,resource,,
877199,AAA,2014J,resource,,
877240,AAA,2014J,resource,,
877045,AAA,2014J,oucontent,1,1
877393,AAA,2014J,url,,
877077,AAA,2014J,oucontent,,
877196,AAA,2014J,resource,,
877236,AAA,2014J,resource,,
877042,AAA,2014J,oucontent,,
877386,AAA,2014J,url,,
877074,AAA,2014J,oucontent,,
877138,AAA,2014J,resource,,
877187,AAA,2014J,resource,,
877231,AAA,2014J,resource,,
877039,AAA,2014J,oucontent,,
877383,AAA,2014J,url,,
877071,AAA,2014J,oucontent,,
877134,AAA,2014J,subpage,,
877182,AAA,2014J,resource,,
877228,AAA,2014J,resource,,
877036,AAA,2014J,oucontent,,
877379,AAA,2014J,oucollaborate,,
877068,AAA,2014J,oucontent,,
877129,AAA,2014J,subpage,,
877168,AAA,2014J,resource,,
877224,AAA,2014J,resource,,
877033,AAA,2014J,oucontent,,
877264,AAA,2014J,resource,,
877065,AAA,2014J,oucontent,,
877099,AAA,2014J,oucontent,,
877158,AAA,2014J,resource,,
877221,AAA,2014J,resource,,
877030,AAA,2014J,homepage,,
877261,AAA,2014J,resource,,
877062,AAA,2014J,oucontent,,
1072236,AAA,2014J,resource,,
877095,AAA,2014J,oucontent,,
877155,AAA,2014J,resource,,
877218,AAA,2014J,resource,,
877026,AAA,2014J,forumng,,
877258,AAA,2014J,resource,,
877059,AAA,2014J,oucontent,,
1010323,AAA,2014J,resource,,
877092,AAA,2014J,oucontent,,
877152,AAA,2014J,resource,,
877215,AAA,2014J,resource,,
877015,AAA,2014J,forumng,,
877254,AAA,2014J,resource,,
877056,AAA,2014J,oucontent,,
877421,AAA,2014J,dataplus,,
877089,AAA,2014J,oucontent,,
877149,AAA,2014J,resource,,
877212,AAA,2014J,resource,,
877248,AAA,2014J,resource,,
877053,AAA,2014J,oucontent,,
877403,AAA,2014J,url,,
877086,AAA,2014J,oucontent,,
877146,AAA,2014J,resource,,
877209,AAA,2014J,resource,,
877245,AAA,2014J,resource,,
877050,AAA,2014J,oucontent,,
877398,AAA,2014J,url,,
877082,AAA,2014J,oucontent,,
877143,AAA,2014J,resource,,
877206,AAA,2014J,resource,,
877242,AAA,2014J,resource,,
877047,AAA,2014J,oucontent,,
877395,AAA,2014J,url,,
877079,AAA,2014J,oucontent,,
877198,AAA,2014J,resource,,
877238,AAA,2014J,resource,,
877044,AAA,2014J,oucontent,1,1
877392,AAA,2014J,url,,
877076,AAA,2014J,oucontent,,
877140,AAA,2014J,resource,,
877195,AAA,2014J,resource,,
877234,AAA,2014J,resource,,
877041,AAA,2014J,oucontent,,
877385,AAA,2014J,url,,
877073,AAA,2014J,oucontent,,
877137,AAA,2014J,resource,,
877186,AAA,2014J,resource,,
877230,AAA,2014J,resource,,
877038,AAA,2014J,oucontent,,
877381,AAA,2014J,url,,
877070,AAA,2014J,oucontent,,
877133,AAA,2014J,subpage,,
877180,AAA,2014J,resource,,
877227,AAA,2014J,resource,,
877035,AAA,2014J,oucontent,,
877266,AAA,2014J,resource,,
877067,AAA,2014J,oucontent,,
877128,AAA,2014J,subpage,,
913621,BBB,2014J,resource,,
913661,BBB,2014J,resource,4,4
913696,BBB,2014J,subpage,,
913489,BBB,2014J,oucontent,,
937843,BBB,2014J,resource,,
913523,BBB,2014J,oucontent,,
913618,BBB,2014J,resource,,
913652,BBB,2014J,resource,,
913693,BBB,2014J,subpage,,
913486,BBB,2014J,oucontent,9,9
937840,BBB,2014J,resource,,
913520,BBB,2014J,oucontent,6,6
913615,BBB,2014J,resource,,
913649,BBB,2014J,resource,,
913690,BBB,2014J,subpage,,
913483,BBB,2014J,oucontent,9,9
937837,BBB,2014J,resource,,
913517,BBB,2014J,oucontent,,
913612,BBB,2014J,resource,,
913646,BBB,2014J,resource,,
913686,BBB,2014J,resource,,
913479,BBB,2014J,oucontent,4,4
937834,BBB,2014J,resource,,
913514,BBB,2014J,oucontent,,
913609,BBB,2014J,resource,,
913643,BBB,2014J,resource,,
913683,BBB,2014J,resource,,
913476,BBB,2014J,oucontent,2,2
937831,BBB,2014J,resource,,
913511,BBB,2014J,oucontent,5,5
992243,BBB,2014J,resource,,
913606,BBB,2014J,resource,,
913640,BBB,2014J,resource,,
913680,BBB,2014J,resource,,
913473,BBB,2014J,homepage,,
926339,BBB,2014J,oucollaborate,,
913508,BBB,2014J,oucontent,,
989840,BBB,2014J,oucontent,,
913603,BBB,2014J,resource,,
913635,BBB,2014J,resource,,
913677,BBB,2014J,resource,,
913465,BBB,2014J,glossary,,
926336,BBB,2014J,resource,,
913505,BBB,2014J,oucontent,,
985230,BBB,2014J,oucontent,,
913537,BBB,2014J,oucontent,4,4
913632,BBB,2014J,resource,,
913674,BBB,2014J,resource,,
926333,BBB,2014J,quiz,7,7
913502,BBB,2014J,oucontent,,
957623,BBB,2014J,oucontent,,
913629,BBB,2014J,resource,,
913670,BBB,2014J,resource,,
926330,BBB,2014J,oucontent,,
913499,BBB,2014J,oucontent,,
951621,BBB,2014J,resource,,
913533,BBB,2014J,oucontent,6,6
913626,BBB,2014J,resource,,
913667,BBB,2014J,resource,,
926327,BBB,2014J,oucontent,,
913495,BBB,2014J,oucontent,,
946589,BBB,2014J,resource,,
949691,BBB,2014J,url,,
913528,BBB,2014J,oucontent,2,2
913623,BBB,2014J,resource,,
913664,BBB,2014J,resource,5,5
913736,BBB,2014J,oucollaborate,,
913491,BBB,2014J,oucontent,,
942393,BBB,2014J,quiz,,
949688,BBB,2014J,url,,
913525,BBB,2014J,oucontent,4,4
913620,BBB,2014J,resource,,
913658,BBB,2014J,resource,,
913695,BBB,2014J,subpage,,
913488,BBB,2014J,oucontent,,
937842,BBB,2014J,resource,,
913522,BBB,2014J,oucontent,,
913617,BBB,2014J,resource,,
913651,BBB,2014J,resource,,
913692,BBB,2014J,subpage,,
913485,BBB,2014J,oucontent,9,9
937839,BBB,2014J,resource,,
913519,BBB,2014J,oucontent,6,6
913614,BBB,2014J,resource,,
913648,BBB,2014J,resource,,
913689,BBB,2014J,subpage,,
913482,BBB,2014J,oucontent,9,9
937836,BBB,2014J,resource,,
913516,BBB,2014J,oucontent,,
913611,BBB,2014J,resource,,
913645,BBB,2014J,resource,,
913685,BBB,2014J,resource,,
913478,BBB,2014J,oucontent,2,2
937833,BBB,2014J,resource,,
913513,BBB,2014J,oucontent,,
913608,BBB,2014J,resource,,
913642,BBB,2014J,resource,,
913682,BBB,2014J,resource,,
913475,BBB,2014J,oucontent,2,2
937830,BBB,2014J,oucontent,,
913510,BBB,2014J,oucontent,,
989842,BBB,2014J,questionnaire,,
913605,BBB,2014J,resource,,
913639,BBB,2014J,resource,,
913679,BBB,2014J,resource,,
913468,BBB,2014J,forumng,,
926338,BBB,2014J,resource,,
913507,BBB,2014J,oucontent,,
989327,BBB,2014J,questionnaire,,
913602,BBB,2014J,resource,,
913634,BBB,2014J,resource,,
913676,BBB,2014J,resource,9,9
913464,BBB,2014J,glossary,,
926335,BBB,2014J,resource,,
913504,BBB,2014J,oucontent,5,5
957625,BBB,2014J,resource,,
913631,BBB,2014J,resource,,
913673,BBB,2014J,resource,,
926332,BBB,2014J,oucontent,,
913501,BBB,2014J,oucontent,,
951623,BBB,2014J,resource,,
913535,BBB,2014J,oucontent,1,1
913628,BBB,2014J,resource,,
913669,BBB,2014J,resource,2,2
926329,BBB,2014J,oucontent,,
913497,BBB,2014J,oucontent,,
949687,BBB,2014J,url,,
951620,BBB,2014J,resource,,
913532,BBB,2014J,oucontent,9,9
913625,BBB,2014J,resource,,
913666,BBB,2014J,resource,6,6
926325,BBB,2014J,forumng,,
913494,BBB,2014J,oucontent,,
946588,BBB,2014J,resource,,
949690,BBB,2014J,url,,
913527,BBB,2014J,oucontent,,
913622,BBB,2014J,resource,,
913663,BBB,2014J,resource,,
913734,BBB,2014J,oucollaborate,,
913490,BBB,2014J,oucontent,,
937844,BBB,2014J,resource,,
913524,BBB,2014J,oucontent,5,5
913619,BBB,2014J,resource,,
913657,BBB,2014J,resource,2,2
913694,BBB,2014J,subpage,,
913487,BBB,2014J,oucontent,,
937841,BBB,2014J,resource,,
913521,BBB,2014J,oucontent,5,5
913616,BBB,2014J,resource,4,4
913650,BBB,2014J,resource,,
913691,BBB,2014J,subpage,,
913484,BBB,2014J,oucontent,,
937838,BBB,2014J,resource,,
913518,BBB,2014J,oucontent,,
913613,BBB,2014J,resource,,
913647,BBB,2014J,resource,,
913688,BBB,2014J,subpage,,
913481,BBB,2014J,oucontent,6,6
937835,BBB,2014J,resource,,
913515,BBB,2014J,oucontent,,
913610,BBB,2014J,resource,,
913644,BBB,2014J,resource,,
913684,BBB,2014J,resource,,
913477,BBB,2014J,oucontent,2,2
937832,BBB,2014J,resource,,
913512,BBB,2014J,oucontent,,
1010038,BBB,2014J,quiz,,
913607,BBB,2014J,resource,,
913641,BBB,2014J,resource,,
913681,BBB,2014J,resource,9,9
913474,BBB,2014J,oucontent,2,2
937829,BBB,2014J,oucontent,,
913509,BBB,2014J,oucontent,,
989841,BBB,2014J,questionnaire,,
913604,BBB,2014J,resource,,
913638,BBB,2014J,resource,,
913678,BBB,2014J,resource,,
913466,BBB,2014J,forumng,,
926337,BBB,2014J,resource,,
913506,BBB,2014J,oucontent,,
987931,BBB,2014J,quiz,,
913601,BBB,2014J,resource,,
913633,BBB,2014J,resource,,
913675,BBB,2014J,resource,,
926334,BBB,2014J,resource,,
913503,BBB,2014J,oucontent,,
957624,BBB,2014J,questionnaire,,
913630,BBB,2014J,resource,,
913671,BBB,2014J,resource,,
926331,BBB,2014J,oucontent,,
913500,BBB,2014J,oucontent,,
951622,BBB,2014J,resource,,
913534,BBB,2014J,oucontent,2,2
913627,BBB,2014J,resource,,
913668,BBB,2014J,resource,,
926328,BBB,2014J,oucontent,,
913496,BBB,2014J,oucontent,,
949686,BBB,2014J,subpage,,
951619,BBB,2014J,resource,,
913530,BBB,2014J,oucontent,,
913624,BBB,2014J,resource,,
913665,BBB,2014J,resource,,
913740,BBB,2014J,url,3,3
913493,BBB,2014J,oucontent,,
946094,BBB,2014J,oucontent,,
949689,BBB,2014J,url,,
913526,BBB,2014J,oucontent,,
909016,CCC,2014J,forumng,,
909326,CCC,2014J,resource,,
909059,CCC,2014J,oucontent,,
942322,CCC,2014J,subpage,,
909093,CCC,2014J,quiz,,
909252,CCC,2014J,subpage,,
909294,CCC,2014J,resource,,
909013,CCC,2014J,homepage,,
909323,CCC,2014J,resource,,
909056,CCC,2014J,oucontent,,
937763,CCC,2014J,resource,,
909090,CCC,2014J,quiz,,
909249,CCC,2014J,subpage,,
909291,CCC,2014J,resource,,
909320,CCC,2014J,resource,,
909053,CCC,2014J,oucontent,,
937760,CCC,2014J,resource,,
909087,CCC,2014J,quiz,,
1072252,CCC,2014J,forumng,,
909246,CCC,2014J,subpage,,
909288,CCC,2014J,resource,,
909317,CCC,2014J,resource,,
909050,CCC,2014J,oucontent,,
937757,CCC,2014J,resource,,
909083,CCC,2014J,oucontent,,
1046237,CCC,2014J,resource,,
909243,CCC,2014J,subpage,,
909285,CCC,2014J,resource,,
909314,CCC,2014J,resource,,
909045,CCC,2014J,oucontent,,
937754,CCC,2014J,resource,,
909080,CCC,2014J,oucontent,,
1042374,CCC,2014J,resource,,
909240,CCC,2014J,subpage,,
909282,CCC,2014J,resource,,
909311,CCC,2014J,resource,,
909042,CCC,2014J,oucontent,,
909349,CCC,2014J,url,,
909077,CCC,2014J,oucontent,3,4
1016724,CCC,2014J,url,,
909236,CCC,2014J,subpage,,
909275,CCC,2014J,resource,,
909308,CCC,2014J,resource,,
909039,CCC,2014J,oucontent,,
909345,CCC,2014J,url,,
909074,CCC,2014J,oucontent,,
1011840,CCC,2014J,url,,
909233,CCC,2014J,subpage,,
909272,CCC,2014J,resource,,
909305,CCC,2014J,resource,,
909036,CCC,2014J,oucontent,,
909342,CCC,2014J,url,,
909070,CCC,2014J,oucontent,,
1011837,CCC,2014J,subpage,,
909230,CCC,2014J,subpage,,
909269,CCC,2014J,resource,,
909302,CCC,2014J,resource,,
909033,CCC,2014J,oucontent,,
909338,CCC,2014J,url,,
909067,CCC,2014J,oucontent,,
989839,CCC,2014J,subpage,,
909101,CCC,2014J,page,,
909266,CCC,2014J,resource,,
909030,CCC,2014J,oucontent,,
909333,CCC,2014J,url,,
909064,CCC,2014J,oucontent,,
957609,CCC,2014J,oucontent,,
909098,CCC,2014J,quiz,,
909261,CCC,2014J,resource,,
909299,CCC,2014J,resource,,
909019,CCC,2014J,forumng,,
909328,CCC,2014J,resource,,
909061,CCC,2014J,oucontent,,
957606,CCC,2014J,oucontent,,
909095,CCC,2014J,quiz,,
909254,CCC,2014J,subpage,,
909296,CCC,2014J,resource,,
909015,CCC,2014J,forumng,,
909325,CCC,2014J,resource,,
909058,CCC,2014J,oucontent,,
942321,CCC,2014J,oucontent,,
909092,CCC,2014J,quiz,,
909251,CCC,2014J,subpage,,
909293,CCC,2014J,resource,,
909322,CCC,2014J,resource,,
909055,CCC,2014J,oucontent,,
937762,CCC,2014J,resource,,
909089,CCC,2014J,quiz,,
909248,CCC,2014J,subpage,,
909290,CCC,2014J,resource,,
909319,CCC,2014J,resource,,
909052,CCC,2014J,oucontent,,
937759,CCC,2014J,resource,,
909086,CCC,2014J,quiz,,
1049562,CCC,2014J,oucontent,,
909245,CCC,2014J,subpage,,
909287,CCC,2014J,resource,,
909316,CCC,2014J,resource,,
909049,CCC,2014J,oucontent,,
937756,CCC,2014J,resource,,
909082,CCC,2014J,oucontent,,
1042376,CCC,2014J,resource,,
909242,CCC,2014J,subpage,,
909284,CCC,2014J,resource,,
909313,CCC,2014J,resource,,
909044,CCC,2014J,oucontent,,
937753,CCC,2014J,resource,,
909079,CCC,2014J,oucontent,,
1042373,CCC,2014J,resource,,
909238,CCC,2014J,subpage,,
909281,CCC,2014J,resource,,
909310,CCC,2014J,resource,,
909041,CCC,2014J,oucontent,,
909347,CCC,2014J,url,,
909076,CCC,2014J,oucontent,,
1011842,CCC,2014J,url,,
909235,CCC,2014J,subpage,,
909274,CCC,2014J,resource,,
909307,CCC,2014J,resource,,
909038,CCC,2014J,oucontent,,
909344,CCC,2014J,url,,
909073,CCC,2014J,oucontent,,
1011839,CCC,2014J,url,,
909232,CCC,2014J,subpage,,
909271,CCC,2014J,resource,,
909304,CCC,2014J,resource,,
909035,CCC,2014J,oucontent,,
909341,CCC,2014J,url,,
909069,CCC,2014J,oucontent,,
1010405,CCC,2014J,resource,,
909229,CCC,2014J,subpage,,
909268,CCC,2014J,resource,,
909032,CCC,2014J,oucontent,,
909335,CCC,2014J,url,,
909066,CCC,2014J,oucontent,5,7
957615,CCC,2014J,resource,,
909100,CCC,2014J,quiz,,
909265,CCC,2014J,resource,,
909301,CCC,2014J,resource,,
909022,CCC,2014J,forumng,,
909332,CCC,2014J,oucollaborate,,
909063,CCC,2014J,oucontent,,
957608,CCC,2014J,oucontent,,
909097,CCC,2014J,quiz,,
909260,CCC,2014J,resource,,
909298,CCC,2014J,resource,,
909018,CCC,2014J,forumng,,
909327,CCC,2014J,resource,,
909060,CCC,2014J,oucontent,1,2
947016,CCC,2014J,resource,,
909094,CCC,2014J,quiz,,
909253,CCC,2014J,subpage,,
909295,CCC,2014J,resource,,
909014,CCC,2014J,forumng,,
909324,CCC,2014J,resource,,
909057,CCC,2014J,oucontent,,
937764,CCC,2014J,resource,,
909091,CCC,2014J,quiz,,
909250,CCC,2014J,subpage,,
909292,CCC,2014J,resource,,
909321,CCC,2014J,resource,,
909054,CCC,2014J,oucontent,,
937761,CCC,2014J,resource,,
909088,CCC,2014J,quiz,,
1072253,CCC,2014J,oucollaborate,,
909247,CCC,2014J,subpage,,
909289,CCC,2014J,resource,,
909318,CCC,2014J,resource,,
909051,CCC,2014J,oucontent,,
937758,CCC,2014J,resource,,
909085,CCC,2014J,quiz,,
1046866,CCC,2014J,resource,,
909244,CCC,2014J,subpage,,
909286,CCC,2014J,resource,,
909315,CCC,2014J,resource,,
909048,CCC,2014J,oucontent,,
937755,CCC,2014J,resource,,
909081,CCC,2014J,oucontent,,
1042375,CCC,2014J,resource,,
909241,CCC,2014J,subpage,,
909283,CCC,2014J,resource,,
909312,CCC,2014J,resource,,
909043,CCC,2014J,oucontent,,
937752,CCC,2014J,subpage,,
909078,CCC,2014J,oucontent,,
1019025,CCC,2014J,forumng,,
909237,CCC,2014J,subpage,,
909280,CCC,2014J,resource,,
909309,CCC,2014J,resource,,
909040,CCC,2014J,oucontent,,
909346,CCC,2014J,url,,
909075,CCC,2014J,oucontent,,
1011841,CCC,2014J,url,,
909234,CCC,2014J,subpage,,
909273,CCC,2014J,resource,,
909306,CCC,2014J,resource,,
909037,CCC,2014J,oucontent,,
909343,CCC,2014J,url,,
909071,CCC,2014J,oucontent,1,2
1011838,CCC,2014J,subpage,,
909231,CCC,2014J,subpage,,
909270,CCC,2014J,resource,,
909303,CCC,2014J,resource,,
909034,CCC,2014J,oucontent,,
909339,CCC,2014J,url,,
909068,CCC,2014J,oucontent,8,9
1002902,CCC,2014J,url,,
909102,CCC,2014J,page,,
909267,CCC,2014J,resource,,
909031,CCC,2014J,oucontent,,
909334,CCC,2014J,url,,
909065,CCC,2014J,oucontent,,
957610,CCC,2014J,oucontent,,
909099,CCC,2014J,quiz,,
909262,CCC,2014J,resource,,
909300,CCC,2014J,resource,,
909020,CCC,2014J,forumng,,
909330,CCC,2014J,resource,,
909062,CCC,2014J,oucontent,,
957607,CCC,2014J,oucontent,,
909096,CCC,2014J,quiz,,
909256,CCC,2014J,subpage,,
909297,CCC,2014J,resource,,
813953,DDD,2014J,subpage,,
814128,DDD,2014J,resource,,
1016371,DDD,2014J,forumng,,
813986,DDD,2014J,subpage,,
814162,DDD,2014J,resource,,
814018,DDD,2014J,subpage,,
814199,DDD,2014J,resource,,
814058,DDD,2014J,resource,,
814289,DDD,2014J,url,,
814094,DDD,2014J,resource,,
814321,DDD,2014J,url,,
813950,DDD,2014J,subpage,,
814125,DDD,2014J,resource,,
1011355,DDD,2014J,resource,,
813983,DDD,2014J,subpage,,
814159,DDD,2014J,resource,,
814015,DDD,2014J,subpage,,
814195,DDD,2014J,resource,,
814054,DDD,2014J,resource,,
814286,DDD,2014J,url,,
814091,DDD,2014J,resource,,
814318,DDD,2014J,url,,
814122,DDD,2014J,resource,,
1006065,DDD,2014J,resource,,
813980,DDD,2014J,subpage,,
814155,DDD,2014J,resource,,
814012,DDD,2014J,subpage,,
814191,DDD,2014J,resource,,
814051,DDD,2014J,subpage,,
814283,DDD,2014J,url,,
814088,DDD,2014J,resource,,
814315,DDD,2014J,url,,
813947,DDD,2014J,subpage,,
814119,DDD,2014J,resource,,
986521,DDD,2014J,oucollaborate,,
813977,DDD,2014J,subpage,,
814152,DDD,2014J,resource,,
814009,DDD,2014J,subpage,,
814187,DDD,2014J,resource,,
814048,DDD,2014J,subpage,,
814280,DDD,2014J,oucollaborate,,
814084,DDD,2014J,resource,,
814312,DDD,2014J,url,,
813944,DDD,2014J,subpage,,
814116,DDD,2014J,resource,,
967275,DDD,2014J,url,,
813974,DDD,2014J,subpage,,
814149,DDD,2014J,resource,,
814006,DDD,2014J,subpage,,
814184,DDD,2014J,resource,,
814045,DDD,2014J,subpage,,
814222,DDD,2014J,resource,,
814080,DDD,2014J,resource,,
814309,DDD,2014J,url,,
813940,DDD,2014J,oucontent,,
814112,DDD,2014J,resource,,
952513,DDD,2014J,resource,,
813971,DDD,2014J,subpage,,
814146,DDD,2014J,resource,,
814003,DDD,2014J,subpage,,
814181,DDD,2014J,resource,,
814036,DDD,2014J,subpage,,
814042,DDD,2014J,subpage,,
814219,DDD,2014J,resource,,
814077,DDD,2014J,resource,,
814306,DDD,2014J,url,,
813936,DDD,2014J,oucontent,,
814109,DDD,2014J,resource,,
952510,DDD,2014J,resource,,
813967,DDD,2014J,subpage,,
814143,DDD,2014J,resource,,
814000,DDD,2014J,subpage,,
814178,DDD,2014J,resource,,
814033,DDD,2014J,subpage,,
814039,DDD,2014J,subpage,,
814216,DDD,2014J,resource,,
814074,DDD,2014J,resource,,
814303,DDD,2014J,url,,
813932,DDD,2014J,oucontent,,
952507,DDD,2014J,subpage,,
813964,DDD,2014J,subpage,,
814140,DDD,2014J,resource,,
813997,DDD,2014J,subpage,,
814175,DDD,2014J,resource,,
814029,DDD,2014J,subpage,,
814212,DDD,2014J,resource,,
814071,DDD,2014J,resource,,
814300,DDD,2014J,url,,
813711,DDD,2014J,glossary,,
814105,DDD,2014J,resource,,
813961,DDD,2014J,subpage,,
814137,DDD,2014J,resource,,
1072100,DDD,2014J,forumng,,
813994,DDD,2014J,subpage,,
814172,DDD,2014J,resource,,
814026,DDD,2014J,subpage,,
814208,DDD,2014J,resource,,
814067,DDD,2014J,resource,,
814297,DDD,2014J,url,,
813708,DDD,2014J,forumng,,
814102,DDD,2014J,resource,,
924983,DDD,2014J,url,,
813958,DDD,2014J,subpage,,
814134,DDD,2014J,resource,,
1046812,DDD,2014J,glossary,,
813991,DDD,2014J,subpage,,
814169,DDD,2014J,resource,,
814023,DDD,2014J,subpage,,
814204,DDD,2014J,resource,,
814064,DDD,2014J,resource,,
814294,DDD,2014J,url,,
813704,DDD,2014J,externalquiz,,
814099,DDD,2014J,resource,,
924980,DDD,2014J,resource,,
813955,DDD,2014J,subpage,,
814131,DDD,2014J,resource,,
1016377,DDD,2014J,resource,,
813988,DDD,2014J,subpage,,
814166,DDD,2014J,resource,,
814020,DDD,2014J,subpage,,
814201,DDD,2014J,resource,,
814060,DDD,2014J,resource,,
814291,DDD,2014J,url,,
813701,DDD,2014J,homepage,,
814096,DDD,2014J,resource,,
814323,DDD,2014J,url,,
813952,DDD,2014J,subpage,,
814127,DDD,2014J,resource,,
1016370,DDD,2014J,forumng,,
813985,DDD,2014J,subpage,,
814161,DDD,2014J,resource,,
814017,DDD,2014J,subpage,,
814198,DDD,2014J,resource,,
814056,DDD,2014J,resource,,
814288,DDD,2014J,url,,
814093,DDD,2014J,resource,,
814320,DDD,2014J,url,,
813949,DDD,2014J,subpage,,
814124,DDD,2014J,resource,,
1006068,DDD,2014J,oucollaborate,,
813982,DDD,2014J,subpage,,
814158,DDD,2014J,resource,,
814014,DDD,2014J,subpage,,
814193,DDD,2014J,resource,,
814053,DDD,2014J,resource,,
814285,DDD,2014J,url,,
814090,DDD,2014J,resource,,
814317,DDD,2014J,url,,
814121,DDD,2014J,resource,,
1006064,DDD,2014J,externalquiz,,
813979,DDD,2014J,subpage,,
814154,DDD,2014J,resource,,
814011,DDD,2014J,subpage,,
814189,DDD,2014J,resource,,
814050,DDD,2014J,subpage,,
814282,DDD,2014J,url,,
814087,DDD,2014J,resource,,
814314,DDD,2014J,url,,
813946,DDD,2014J,subpage,,
814118,DDD,2014J,resource,,
985360,DDD,2014J,resource,,
813976,DDD,2014J,subpage,,
814151,DDD,2014J,resource,,
814008,DDD,2014J,subpage,,
814186,DDD,2014J,resource,,
814047,DDD,2014J,subpage,,
814279,DDD,2014J,oucollaborate,,
814083,DDD,2014J,resource,,
814311,DDD,2014J,url,,
813943,DDD,2014J,ouwiki,,
814115,DDD,2014J,resource,,
967274,DDD,2014J,url,,
813973,DDD,2014J,subpage,,
814148,DDD,2014J,resource,,
814005,DDD,2014J,subpage,,
814183,DDD,2014J,resource,,
814038,DDD,2014J,subpage,,
814044,DDD,2014J,subpage,,
814221,DDD,2014J,resource,,
814079,DDD,2014J,resource,,
814308,DDD,2014J,url,,
813939,DDD,2014J,oucontent,,
814111,DDD,2014J,resource,,
952512,DDD,2014J,resource,,
813969,DDD,2014J,subpage,,
814145,DDD,2014J,resource,,
814002,DDD,2014J,subpage,,
814180,DDD,2014J,resource,,
814035,DDD,2014J,subpage,,
814041,DDD,2014J,subpage,,
814218,DDD,2014J,resource,,
814076,DDD,2014J,resource,,
814305,DDD,2014J,url,,
813935,DDD,2014J,oucontent,,
952509,DDD,2014J,resource,,
813966,DDD,2014J,subpage,,
814142,DDD,2014J,resource,,
813999,DDD,2014J,subpage,,
814177,DDD,2014J,resource,,
814032,DDD,2014J,subpage,,
814215,DDD,2014J,resource,,
814073,DDD,2014J,resource,,
814302,DDD,2014J,url,,
813931,DDD,2014J,oucontent,,
814107,DDD,2014J,resource,,
936982,DDD,2014J,resource,,
813963,DDD,2014J,subpage,,
814139,DDD,2014J,resource,,
813996,DDD,2014J,subpage,,
814174,DDD,2014J,resource,,
814028,DDD,2014J,subpage,,
814211,DDD,2014J,resource,,
814070,DDD,2014J,resource,,
814299,DDD,2014J,url,,
813710,DDD,2014J,forumng,,
814104,DDD,2014J,resource,,
813960,DDD,2014J,subpage,,
814136,DDD,2014J,resource,,
1072099,DDD,2014J,forumng,,
813993,DDD,2014J,subpage,,
814171,DDD,2014J,resource,,
814025,DDD,2014J,subpage,,
814206,DDD,2014J,resource,,
814066,DDD,2014J,resource,,
814296,DDD,2014J,url,,
813707,DDD,2014J,forumng,,
814101,DDD,2014J,resource,,
924982,DDD,2014J,resource,,
813957,DDD,2014J,subpage,,
814133,DDD,2014J,resource,,
1016387,DDD,2014J,subpage,,
813990,DDD,2014J,subpage,,
814168,DDD,2014J,resource,,
814022,DDD,2014J,subpage,,
814203,DDD,2014J,resource,,
814062,DDD,2014J,resource,,
814293,DDD,2014J,url,,
813703,DDD,2014J,externalquiz,,
814098,DDD,2014J,resource,,
924979,DDD,2014J,oucontent,,
813954,DDD,2014J,subpage,,
814129,DDD,2014J,resource,,
1016372,DDD,2014J,forumng,,
813987,DDD,2014J,subpage,,
814163,DDD,2014J,resource,,
814019,DDD,2014J,subpage,,
814200,DDD,2014J,resource,,
814059,DDD,2014J,resource,,
814290,DDD,2014J,url,,
814095,DDD,2014J,resource,,
814322,DDD,2014J,url,,
813951,DDD,2014J,subpage,,
814126,DDD,2014J,resource,,
1012845,DDD,2014J,forumng,,
813984,DDD,2014J,subpage,,
814160,DDD,2014J,resource,,
814016,DDD,2014J,subpage,,
814196,DDD,2014J,resource,,
814055,DDD,2014J,resource,,
814287,DDD,2014J,url,,
814092,DDD,2014J,resource,,
814319,DDD,2014J,url,,
814123,DDD,2014J,resource,,
1006067,DDD,2014J,subpage,,
813981,DDD,2014J,subpage,,
814157,DDD,2014J,resource,,
814013,DDD,2014J,subpage,,
814192,DDD,2014J,resource,,
814052,DDD,2014J,resource,,
814284,DDD,2014J,url,,
814089,DDD,2014J,resource,,
814316,DDD,2014J,url,,
813948,DDD,2014J,subpage,,
814120,DDD,2014J,resource,,
1004387,DDD,2014J,oucontent,,
813978,DDD,2014J,subpage,,
814153,DDD,2014J,resource,,
814010,DDD,2014J,subpage,,
814188,DDD,2014J,resource,,
814049,DDD,2014J,subpage,,
814281,DDD,2014J,url,,
814086,DDD,2014J,resource,,
814313,DDD,2014J,url,,
813945,DDD,2014J,subpage,,
814117,DDD,2014J,resource,,
981690,DDD,2014J,externalquiz,,
813975,DDD,2014J,subpage,,
814150,DDD,2014J,resource,,
814007,DDD,2014J,subpage,,
814185,DDD,2014J,resource,,
814046,DDD,2014J,subpage,,
814278,DDD,2014J,oucollaborate,,
814082,DDD,2014J,resource,,
814310,DDD,2014J,url,,
813941,DDD,2014J,oucontent,,
814114,DDD,2014J,resource,,
967273,DDD,2014J,subpage,,
813972,DDD,2014J,subpage,,
814147,DDD,2014J,resource,,
814004,DDD,2014J,subpage,,
814182,DDD,2014J,resource,,
814037,DDD,2014J,subpage,,
814043,DDD,2014J,subpage,,
814220,DDD,2014J,resource,,
814078,DDD,2014J,resource,,
814307,DDD,2014J,url,,
813937,DDD,2014J,oucontent,,
814110,DDD,2014J,resource,,
952511,DDD,2014J,resource,,
813968,DDD,2014J,subpage,,
814144,DDD,2014J,resource,,
814001,DDD,2014J,subpage,,
814179,DDD,2014J,resource,,
814034,DDD,2014J,subpage,,
814040,DDD,2014J,subpage,,
814217,DDD,2014J,resource,,
814075,DDD,2014J,resource,,
814304,DDD,2014J,url,,
813933,DDD,2014J,oucontent,0,0
952508,DDD,2014J,resource,,
813965,DDD,2014J,subpage,,
814141,DDD,2014J,resource,,
813998,DDD,2014J,subpage,,
814176,DDD,2014J,resource,,
814030,DDD,2014J,subpage,,
814213,DDD,2014J,resource,,
814072,DDD,2014J,resource,,
814301,DDD,2014J,url,,
813929,DDD,2014J,oucontent,,
814106,DDD,2014J,resource,,
936981,DDD,2014J,oucontent,,
813962,DDD,2014J,subpage,,
814138,DDD,2014J,resource,,
813995,DDD,2014J,subpage,,
814173,DDD,2014J,resource,,
814027,DDD,2014J,subpage,,
814210,DDD,2014J,resource,,
814069,DDD,2014J,resource,,
814298,DDD,2014J,url,,
813709,DDD,2014J,forumng,,
814103,DDD,2014J,resource,,
813959,DDD,2014J,subpage,,
814135,DDD,2014J,resource,,
1072098,DDD,2014J,forumng,,
813992,DDD,2014J,subpage,,
814170,DDD,2014J,resource,,
814024,DDD,2014J,subpage,,
814205,DDD,2014J,resource,,
814065,DDD,2014J,resource,,
814295,DDD,2014J,url,,
813706,DDD,2014J,forumng,,
814100,DDD,2014J,resource,,
924981,DDD,2014J,resource,,
813956,DDD,2014J,subpage,,
814132,DDD,2014J,resource,,
1016378,DDD,2014J,resource,,
813989,DDD,2014J,subpage,,
814167,DDD,2014J,resource,,
814021,DDD,2014J,subpage,,
814202,DDD,2014J,resource,,
814061,DDD,2014J,resource,,
814292,DDD,2014J,url,,
813702,DDD,2014J,externalquiz,,
814097,DDD,2014J,resource,,
924967,DDD,2014J,forumng,,
832664,EEE,2014J,oucontent,8,8
832716,EEE,2014J,resource,,
832754,EEE,2014J,resource,,
832661,EEE,2014J,oucontent,5,5
832712,EEE,2014J,quiz,,
832751,EEE,2014J,resource,,
832658,EEE,2014J,oucontent,2,2
832708,EEE,2014J,page,,
832748,EEE,2014J,resource,,
1077905,EEE,2014J,url,,
832655,EEE,2014J,oucontent,,
832701,EEE,2014J,oucontent,23,23
832745,EEE,2014J,resource,,
1071060,EEE,2014J,forumng,,
832649,EEE,2014J,oucontent,,
832694,EEE,2014J,oucontent,21,21
832742,EEE,2014J,resource,,
973720,EEE,2014J,ouwiki,,
832642,EEE,2014J,oucontent,,
832687,EEE,2014J,oucontent,,
832739,EEE,2014J,resource,,
832783,EEE,2014J,url,,
832638,EEE,2014J,oucontent,25,25
832680,EEE,2014J,oucontent,18,18
832736,EEE,2014J,resource,,
832780,EEE,2014J,url,,
832568,EEE,2014J,forumng,,
832675,EEE,2014J,oucontent,,
832733,EEE,2014J,resource,,
832776,EEE,2014J,oucollaborate,,
832565,EEE,2014J,homepage,,
832672,EEE,2014J,oucontent,13,13
832730,EEE,2014J,resource,,
832763,EEE,2014J,subpage,,
832669,EEE,2014J,oucontent,,
832727,EEE,2014J,resource,,
832760,EEE,2014J,subpage,,
832666,EEE,2014J,oucontent,9,9
832718,EEE,2014J,resource,,
832756,EEE,2014J,resource,,
832663,EEE,2014J,oucontent,10,10
832715,EEE,2014J,resource,,
832753,EEE,2014J,resource,,
832660,EEE,2014J,oucontent,4,4
832711,EEE,2014J,page,,
832750,EEE,2014J,resource,,
832657,EEE,2014J,oucontent,1,1
832706,EEE,2014J,ouwiki,,
832747,EEE,2014J,resource,,
1076553,EEE,2014J,oucontent,,
832654,EEE,2014J,oucontent,1,1
832700,EEE,2014J,oucontent,27,27
832744,EEE,2014J,resource,,
988994,EEE,2014J,oucollaborate,,
832644,EEE,2014J,oucontent,,
832692,EEE,2014J,oucontent,,
832741,EEE,2014J,resource,,
973719,EEE,2014J,ouwiki,,
832641,EEE,2014J,oucontent,,
832685,EEE,2014J,oucontent,,
832738,EEE,2014J,resource,,
832782,EEE,2014J,url,,
832637,EEE,2014J,oucontent,24,24
832679,EEE,2014J,oucontent,15,15
832735,EEE,2014J,resource,,
832779,EEE,2014J,url,,
832567,EEE,2014J,forumng,,
832674,EEE,2014J,oucontent,,
832732,EEE,2014J,resource,,
832775,EEE,2014J,oucollaborate,,
832671,EEE,2014J,oucontent,12,12
832729,EEE,2014J,resource,,
832762,EEE,2014J,subpage,,
832668,EEE,2014J,oucontent,1,1
832726,EEE,2014J,resource,,
832758,EEE,2014J,subpage,,
832665,EEE,2014J,oucontent,7,7
832717,EEE,2014J,resource,,
832755,EEE,2014J,resource,,
832662,EEE,2014J,oucontent,6,6
832713,EEE,2014J,quiz,,
832752,EEE,2014J,resource,,
832659,EEE,2014J,oucontent,3,3
832709,EEE,2014J,page,,
832749,EEE,2014J,resource,,
832656,EEE,2014J,oucontent,,
832704,EEE,2014J,oucontent,26,26
832746,EEE,2014J,resource,,
1073191,EEE,2014J,resource,,
832651,EEE,2014J,oucontent,,
832695,EEE,2014J,oucontent,19,19
832743,EEE,2014J,resource,,
988993,EEE,2014J,oucollaborate,,
832643,EEE,2014J,oucontent,,
832691,EEE,2014J,oucontent,,
832740,EEE,2014J,resource,,
832784,EEE,2014J,dualpane,,
832639,EEE,2014J,oucontent,,
832682,EEE,2014J,oucontent,20,20
832737,EEE,2014J,resource,,
832781,EEE,2014J,url,,
832569,EEE,2014J,forumng,,
832676,EEE,2014J,oucontent,,
832734,EEE,2014J,resource,,
832777,EEE,2014J,url,,
832566,EEE,2014J,forumng,,
832673,EEE,2014J,oucontent,16,16
832731,EEE,2014J,resource,,
832764,EEE,2014J,subpage,,
832670,EEE,2014J,oucontent,11,11
832728,EEE,2014J,resource,,
832761,EEE,2014J,subpage,,
832667,EEE,2014J,oucontent,28,28
832725,EEE,2014J,resource,,
832757,EEE,2014J,subpage,,
883082,FFF,2014J,subpage,,
883294,FFF,2014J,url,,
882713,FFF,2014J,questionnaire,19,19
883163,FFF,2014J,url,14,14
882561,FFF,2014J,oucontent,9,9
882932,FFF,2014J,resource,,
883195,FFF,2014J,url,18,18
882597,FFF,2014J,oucontent,29,29
882985,FFF,2014J,resource,,
883228,FFF,2014J,url,23,23
882635,FFF,2014J,oucontent,27,27
883048,FFF,2014J,subpage,14,14
883261,FFF,2014J,url,9,9
882670,FFF,2014J,oucontent,2,2
883079,FFF,2014J,subpage,18,18
883291,FFF,2014J,url,,
882710,FFF,2014J,page,,
883160,FFF,2014J,oucollaborate,,
882558,FFF,2014J,ouwiki,,
882925,FFF,2014J,resource,,
883192,FFF,2014J,url,3,3
882594,FFF,2014J,oucontent,29,29
882982,FFF,2014J,resource,,
883224,FFF,2014J,url,22,22
882632,FFF,2014J,oucontent,9,9
883045,FFF,2014J,subpage,9,9
883257,FFF,2014J,url,28,28
882667,FFF,2014J,oucontent,11,11
883075,FFF,2014J,subpage,,
883288,FFF,2014J,url,,
882707,FFF,2014J,page,1,1
883157,FFF,2014J,oucollaborate,,
882554,FFF,2014J,ouwiki,,
882915,FFF,2014J,resource,,
882922,FFF,2014J,resource,,
883189,FFF,2014J,url,2,2
882591,FFF,2014J,oucontent,29,29
882979,FFF,2014J,resource,,
883221,FFF,2014J,url,22,22
882629,FFF,2014J,oucontent,18,18
883041,FFF,2014J,subpage,2,2
883254,FFF,2014J,url,28,28
882664,FFF,2014J,oucontent,13,13
883072,FFF,2014J,subpage,,
883285,FFF,2014J,url,,
882704,FFF,2014J,page,,
883154,FFF,2014J,oucollaborate,,
882551,FFF,2014J,forumng,,
882912,FFF,2014J,resource,,
882919,FFF,2014J,resource,,
883186,FFF,2014J,url,2,2
882588,FFF,2014J,oucontent,29,29
882974,FFF,2014J,resource,,
883218,FFF,2014J,url,22,22
882625,FFF,2014J,oucontent,11,11
883037,FFF,2014J,subpage,,
883251,FFF,2014J,url,28,28
882661,FFF,2014J,oucontent,10,10
883282,FFF,2014J,url,,
882699,FFF,2014J,page,,
883151,FFF,2014J,oucollaborate,,
882547,FFF,2014J,forumng,,
882905,FFF,2014J,resource,,
883183,FFF,2014J,url,1,1
882585,FFF,2014J,oucontent,,
882969,FFF,2014J,resource,29,29
883215,FFF,2014J,url,21,21
882622,FFF,2014J,oucontent,28,28
883027,FFF,2014J,resource,,
883248,FFF,2014J,url,28,28
882658,FFF,2014J,oucontent,9,9
883069,FFF,2014J,subpage,,
882687,FFF,2014J,page,28,28
883148,FFF,2014J,oucollaborate,,
882902,FFF,2014J,resource,,
883180,FFF,2014J,url,18,18
882581,FFF,2014J,oucontent,7,7
882956,FFF,2014J,resource,,
883212,FFF,2014J,url,21,21
882619,FFF,2014J,oucontent,,
883024,FFF,2014J,resource,,
883245,FFF,2014J,url,27,27
882655,FFF,2014J,oucontent,15,15
883066,FFF,2014J,subpage,,
883279,FFF,2014J,url,,
882684,FFF,2014J,page,12,12
883144,FFF,2014J,htmlactivity,,
1072239,FFF,2014J,forumng,,
882896,FFF,2014J,resource,,
883177,FFF,2014J,url,1,1
882578,FFF,2014J,oucontent,26,26
882952,FFF,2014J,resource,18,18
883209,FFF,2014J,url,,
882616,FFF,2014J,oucontent,,
883017,FFF,2014J,resource,13,13
883242,FFF,2014J,url,27,27
882652,FFF,2014J,oucontent,15,15
883063,FFF,2014J,subpage,,
883276,FFF,2014J,url,18,18
882681,FFF,2014J,quiz,10,10
883102,FFF,2014J,repeatactivity,,
973777,FFF,2014J,oucontent,,
882724,FFF,2014J,questionnaire,5,5
883174,FFF,2014J,url,18,18
882574,FFF,2014J,oucontent,,
882948,FFF,2014J,resource,,
883206,FFF,2014J,url,21,21
882609,FFF,2014J,oucontent,,
883000,FFF,2014J,resource,,
883239,FFF,2014J,url,26,26
882649,FFF,2014J,oucontent,9,9
883060,FFF,2014J,subpage,,
883273,FFF,2014J,url,11,11
882678,FFF,2014J,quiz,10,10
883091,FFF,2014J,subpage,28,28
937371,FFF,2014J,oucontent,,
882721,FFF,2014J,questionnaire,20,20
883171,FFF,2014J,url,18,18
882570,FFF,2014J,oucontent,16,16
882945,FFF,2014J,resource,,
883203,FFF,2014J,url,20,20
882606,FFF,2014J,oucontent,11,11
882995,FFF,2014J,resource,,
883236,FFF,2014J,url,24,24
882646,FFF,2014J,oucontent,8,8
883057,FFF,2014J,subpage,23,23
883270,FFF,2014J,url,10,10
882675,FFF,2014J,quiz,,
883088,FFF,2014J,subpage,8,8
883303,FFF,2014J,dataplus,,
882718,FFF,2014J,questionnaire,24,24
883168,FFF,2014J,url,16,16
882566,FFF,2014J,oucontent,9,9
882941,FFF,2014J,resource,,
883200,FFF,2014J,url,20,20
882602,FFF,2014J,oucontent,2,2
882990,FFF,2014J,resource,,
883233,FFF,2014J,url,1,1
882643,FFF,2014J,oucontent,,
883054,FFF,2014J,subpage,21,21
883266,FFF,2014J,url,,
883084,FFF,2014J,subpage,10,10
883299,FFF,2014J,dualpane,,
882715,FFF,2014J,questionnaire,23,23
883165,FFF,2014J,url,14,14
882563,FFF,2014J,oucontent,11,11
882936,FFF,2014J,resource,28,28
883197,FFF,2014J,url,20,20
882599,FFF,2014J,oucontent,29,29
882987,FFF,2014J,resource,18,18
883230,FFF,2014J,url,23,23
882638,FFF,2014J,oucontent,,
883050,FFF,2014J,subpage,13,13
883263,FFF,2014J,url,29,29
882672,FFF,2014J,oucontent,8,8
883081,FFF,2014J,subpage,5,5
883293,FFF,2014J,url,,
882712,FFF,2014J,questionnaire,19,19
883162,FFF,2014J,url,,
882560,FFF,2014J,oucontent,8,8
882931,FFF,2014J,resource,,
883194,FFF,2014J,url,3,3
882596,FFF,2014J,oucontent,13,13
882984,FFF,2014J,resource,,
883227,FFF,2014J,url,23,23
882634,FFF,2014J,oucontent,27,27
883047,FFF,2014J,subpage,11,11
883260,FFF,2014J,url,29,29
882669,FFF,2014J,oucontent,1,1
883077,FFF,2014J,subpage,27,27
883290,FFF,2014J,url,,
882709,FFF,2014J,page,12,12
883159,FFF,2014J,oucollaborate,,
882556,FFF,2014J,ouwiki,,
882924,FFF,2014J,resource,,
883191,FFF,2014J,url,3,3
882593,FFF,2014J,oucontent,29,29
882981,FFF,2014J,resource,,
883223,FFF,2014J,url,22,22
882631,FFF,2014J,oucontent,15,15
883043,FFF,2014J,subpage,4,4
883256,FFF,2014J,url,,
882666,FFF,2014J,oucontent,15,15
883074,FFF,2014J,subpage,,
883287,FFF,2014J,url,,
882706,FFF,2014J,page,,
883156,FFF,2014J,oucollaborate,,
882553,FFF,2014J,ouwiki,,
882914,FFF,2014J,resource,,
882921,FFF,2014J,resource,,
883188,FFF,2014J,url,18,18
882590,FFF,2014J,oucontent,15,15
882976,FFF,2014J,resource,,
883220,FFF,2014J,url,22,22
882628,FFF,2014J,oucontent,22,22
883040,FFF,2014J,subpage,1,1
883253,FFF,2014J,url,28,28
882663,FFF,2014J,oucontent,1,1
883284,FFF,2014J,url,,
882703,FFF,2014J,page,,
883153,FFF,2014J,oucollaborate,,
882550,FFF,2014J,forumng,,
882911,FFF,2014J,resource,,
882917,FFF,2014J,resource,,
883185,FFF,2014J,url,18,18
882587,FFF,2014J,oucontent,29,29
882971,FFF,2014J,resource,,
883217,FFF,2014J,url,22,22
882624,FFF,2014J,oucontent,16,16
883036,FFF,2014J,subpage,,
883250,FFF,2014J,url,28,28
882660,FFF,2014J,oucontent,11,11
883071,FFF,2014J,subpage,,
883281,FFF,2014J,url,,
882689,FFF,2014J,page,,
883150,FFF,2014J,oucollaborate,,
882545,FFF,2014J,forumng,,
882904,FFF,2014J,resource,,
883182,FFF,2014J,url,1,1
882584,FFF,2014J,oucontent,21,21
882966,FFF,2014J,resource,,
883214,FFF,2014J,url,21,21
882621,FFF,2014J,oucontent,8,8
883026,FFF,2014J,resource,,
883247,FFF,2014J,url,,
882657,FFF,2014J,oucontent,15,15
883068,FFF,2014J,subpage,,
882686,FFF,2014J,page,28,28
883147,FFF,2014J,oucollaborate,,
882900,FFF,2014J,resource,,
883179,FFF,2014J,url,18,18
882580,FFF,2014J,oucontent,,
882955,FFF,2014J,resource,18,18
883211,FFF,2014J,url,21,21
882618,FFF,2014J,oucontent,,
883023,FFF,2014J,resource,,
883244,FFF,2014J,url,9,9
882654,FFF,2014J,oucontent,,
883065,FFF,2014J,subpage,,
883278,FFF,2014J,url,12,12
882683,FFF,2014J,quiz,,
883143,FFF,2014J,htmlactivity,,
1011388,FFF,2014J,forumng,,
882894,FFF,2014J,resource,,
883176,FFF,2014J,url,18,18
882577,FFF,2014J,oucontent,5,5
882951,FFF,2014J,resource,,
883208,FFF,2014J,url,21,21
882611,FFF,2014J,oucontent,20,20
883016,FFF,2014J,resource,,
883241,FFF,2014J,url,27,27
882651,FFF,2014J,oucontent,11,11
883062,FFF,2014J,subpage,,
883275,FFF,2014J,url,,
882680,FFF,2014J,quiz,10,10
883099,FFF,2014J,repeatactivity,1,1
941543,FFF,2014J,oucontent,,
882723,FFF,2014J,questionnaire,5,5
883173,FFF,2014J,url,1,1
882573,FFF,2014J,oucontent,3,3
882947,FFF,2014J,resource,11,11
883205,FFF,2014J,url,21,21
882608,FFF,2014J,oucontent,19,19
882998,FFF,2014J,resource,,
883238,FFF,2014J,url,26,26
882648,FFF,2014J,oucontent,9,9
883059,FFF,2014J,subpage,29,29
883272,FFF,2014J,url,11,11
882677,FFF,2014J,quiz,10,10
883090,FFF,2014J,subpage,24,24
883306,FFF,2014J,dataplus,,
882720,FFF,2014J,questionnaire,28,28
883170,FFF,2014J,url,18,18
882569,FFF,2014J,oucontent,8,8
882943,FFF,2014J,resource,28,28
883202,FFF,2014J,url,20,20
882605,FFF,2014J,oucontent,21,21
882993,FFF,2014J,resource,,
883235,FFF,2014J,url,23,23
882645,FFF,2014J,oucontent,9,9
883056,FFF,2014J,subpage,22,22
883269,FFF,2014J,url,10,10
883087,FFF,2014J,subpage,16,16
883302,FFF,2014J,dataplus,,
882717,FFF,2014J,questionnaire,24,24
883167,FFF,2014J,url,15,15
882565,FFF,2014J,oucontent,23,23
882940,FFF,2014J,resource,,
883199,FFF,2014J,url,20,20
882601,FFF,2014J,oucontent,16,16
882989,FFF,2014J,resource,18,18
883232,FFF,2014J,url,23,23
882642,FFF,2014J,oucontent,,
883053,FFF,2014J,subpage,20,20
883265,FFF,2014J,url,29,29
882674,FFF,2014J,quiz,,
883083,FFF,2014J,subpage,,
883295,FFF,2014J,dualpane,5,5
882714,FFF,2014J,questionnaire,20,20
883164,FFF,2014J,url,14,14
882562,FFF,2014J,oucontent,9,9
882935,FFF,2014J,resource,,
883196,FFF,2014J,url,18,18
882598,FFF,2014J,oucontent,15,15
882986,FFF,2014J,resource,,
883229,FFF,2014J,url,23,23
882636,FFF,2014J,oucontent,26,26
883049,FFF,2014J,subpage,12,12
883262,FFF,2014J,url,29,29
882671,FFF,2014J,oucontent,11,11
883080,FFF,2014J,subpage,,
883292,FFF,2014J,url,,
882711,FFF,2014J,questionnaire,19,19
883161,FFF,2014J,url,,
882559,FFF,2014J,ouwiki,19,19
882926,FFF,2014J,resource,,
883193,FFF,2014J,url,18,18
882595,FFF,2014J,oucontent,29,29
882983,FFF,2014J,resource,,
883226,FFF,2014J,url,23,23
882633,FFF,2014J,oucontent,1,1
883046,FFF,2014J,subpage,18,18
883259,FFF,2014J,url,,
882668,FFF,2014J,oucontent,10,10
883076,FFF,2014J,subpage,,
883289,FFF,2014J,url,,
882708,FFF,2014J,page,,
883158,FFF,2014J,oucollaborate,,
882555,FFF,2014J,ouwiki,26,26
882916,FFF,2014J,resource,,
882923,FFF,2014J,resource,,
883190,FFF,2014J,url,18,18
882592,FFF,2014J,oucontent,12,12
882980,FFF,2014J,resource,,
883222,FFF,2014J,url,,
882630,FFF,2014J,oucontent,15,15
883042,FFF,2014J,subpage,3,3
883255,FFF,2014J,url,28,28
882665,FFF,2014J,oucontent,1,1
883073,FFF,2014J,subpage,19,19
883286,FFF,2014J,url,,
882705,FFF,2014J,page,12,12
883155,FFF,2014J,oucollaborate,,
882552,FFF,2014J,glossary,,
882913,FFF,2014J,resource,,
882920,FFF,2014J,resource,,
883187,FFF,2014J,url,18,18
882589,FFF,2014J,oucontent,29,29
882975,FFF,2014J,resource,,
883219,FFF,2014J,url,22,22
882626,FFF,2014J,oucontent,,
883038,FFF,2014J,subpage,,
883252,FFF,2014J,url,28,28
882662,FFF,2014J,oucontent,8,8
883283,FFF,2014J,url,,
882701,FFF,2014J,page,,
883152,FFF,2014J,oucollaborate,,
882549,FFF,2014J,forumng,,
882907,FFF,2014J,resource,21,21
883184,FFF,2014J,url,18,18
882586,FFF,2014J,oucontent,28,28
882970,FFF,2014J,resource,,
883216,FFF,2014J,url,21,21
882623,FFF,2014J,oucontent,,
883029,FFF,2014J,resource,,
883249,FFF,2014J,url,28,28
882659,FFF,2014J,oucontent,11,11
883070,FFF,2014J,subpage,,
883280,FFF,2014J,url,13,13
882688,FFF,2014J,page,28,28
883149,FFF,2014J,oucollaborate,,
882537,FFF,2014J,homepage,,
882903,FFF,2014J,resource,,
883181,FFF,2014J,url,18,18
882582,FFF,2014J,oucontent,16,16
882959,FFF,2014J,resource,,
883213,FFF,2014J,url,21,21
882620,FFF,2014J,oucontent,24,24
883025,FFF,2014J,resource,13,13
883246,FFF,2014J,url,28,28
882656,FFF,2014J,oucontent,11,11
883067,FFF,2014J,subpage,,
882685,FFF,2014J,page,19,19
883145,FFF,2014J,htmlactivity,,
1072240,FFF,2014J,oucollaborate,,
882899,FFF,2014J,resource,,
883178,FFF,2014J,url,18,18
882579,FFF,2014J,oucontent,27,27
882953,FFF,2014J,resource,18,18
883210,FFF,2014J,url,21,21
882617,FFF,2014J,oucontent,,
883018,FFF,2014J,resource,,
883243,FFF,2014J,url,27,27
882653,FFF,2014J,oucontent,,
883064,FFF,2014J,subpage,,
883277,FFF,2014J,url,12,12
882682,FFF,2014J,quiz,,
883142,FFF,2014J,htmlactivity,,
1004809,FFF,2014J,questionnaire,,
882892,FFF,2014J,resource,,
883175,FFF,2014J,url,1,1
882575,FFF,2014J,oucontent,22,22
882949,FFF,2014J,resource,,
883207,FFF,2014J,url,21,21
882610,FFF,2014J,oucontent,8,8
883002,FFF,2014J,resource,,
883240,FFF,2014J,url,26,26
882650,FFF,2014J,oucontent,11,11
883061,FFF,2014J,subpage,,
883274,FFF,2014J,url,,
882679,FFF,2014J,quiz,,
883092,FFF,2014J,subpage,,
937372,FFF,2014J,url,,
882722,FFF,2014J,questionnaire,5,5
883172,FFF,2014J,url,18,18
882571,FFF,2014J,oucontent,26,26
882946,FFF,2014J,resource,29,29
883204,FFF,2014J,url,21,21
882607,FFF,2014J,oucontent,,
882996,FFF,2014J,resource,,
883237,FFF,2014J,url,24,24
882647,FFF,2014J,oucontent,9,9
883058,FFF,2014J,subpage,26,26
883271,FFF,2014J,url,,
882676,FFF,2014J,quiz,,
883089,FFF,2014J,subpage,7,7
883304,FFF,2014J,dataplus,,
882719,FFF,2014J,questionnaire,28,28
883169,FFF,2014J,url,18,18
882567,FFF,2014J,oucontent,27,27
882942,FFF,2014J,resource,15,15
883201,FFF,2014J,url,20,20
882603,FFF,2014J,oucontent,16,16
882992,FFF,2014J,resource,18,18
883234,FFF,2014J,url,23,23
882644,FFF,2014J,oucontent,,
883055,FFF,2014J,subpage,,
883268,FFF,2014J,url,10,10
883085,FFF,2014J,subpage,15,15
883301,FFF,2014J,dataplus,,
882716,FFF,2014J,questionnaire,24,24
883166,FFF,2014J,url,14,14
882564,FFF,2014J,oucontent,10,10
882937,FFF,2014J,resource,,
883198,FFF,2014J,url,20,20
882600,FFF,2014J,oucontent,14,14
882988,FFF,2014J,resource,,
883231,FFF,2014J,url,23,23
882639,FFF,2014J,oucontent,,
883051,FFF,2014J,subpage,,
883264,FFF,2014J,url,29,29
882673,FFF,2014J,quiz,,
896962,GGG,2014J,oucontent,,
897057,GGG,2014J,resource,,
897089,GGG,2014J,resource,,
896959,GGG,2014J,oucontent,,
897054,GGG,2014J,resource,,
897086,GGG,2014J,resource,,
897154,GGG,2014J,subpage,,
896956,GGG,2014J,quiz,,
897051,GGG,2014J,resource,2,2
897083,GGG,2014J,resource,,
897151,GGG,2014J,subpage,,
896938,GGG,2014J,forumng,,
896950,GGG,2014J,quiz,,
897048,GGG,2014J,resource,,
897080,GGG,2014J,resource,,
896943,GGG,2014J,homepage,,
896984,GGG,2014J,oucontent,,
897077,GGG,2014J,resource,,
897148,GGG,2014J,resource,,
896981,GGG,2014J,oucontent,,
897074,GGG,2014J,resource,,
897145,GGG,2014J,resource,,
896976,GGG,2014J,oucontent,,
897071,GGG,2014J,resource,,
897141,GGG,2014J,resource,,
896973,GGG,2014J,oucontent,,
897068,GGG,2014J,resource,,
897121,GGG,2014J,resource,1,1
896970,GGG,2014J,oucontent,,
897065,GGG,2014J,resource,,
897112,GGG,2014J,resource,,
896967,GGG,2014J,oucontent,,
897062,GGG,2014J,resource,,
897105,GGG,2014J,resource,,
896964,GGG,2014J,oucontent,,
897059,GGG,2014J,resource,,
897095,GGG,2014J,resource,,
896961,GGG,2014J,oucontent,,
897056,GGG,2014J,resource,,
897088,GGG,2014J,resource,,
896958,GGG,2014J,quiz,,
897053,GGG,2014J,resource,,
897085,GGG,2014J,resource,,
897153,GGG,2014J,subpage,,
896941,GGG,2014J,glossary,,
896952,GGG,2014J,quiz,,
897050,GGG,2014J,resource,1,1
897082,GGG,2014J,resource,,
896948,GGG,2014J,quiz,,
896987,GGG,2014J,oucontent,,
897079,GGG,2014J,resource,,
897150,GGG,2014J,subpage,,
896983,GGG,2014J,oucontent,,
897076,GGG,2014J,resource,,
897147,GGG,2014J,resource,,
896980,GGG,2014J,oucontent,,
897073,GGG,2014J,resource,,
897144,GGG,2014J,resource,,
896975,GGG,2014J,oucontent,,
897070,GGG,2014J,resource,,
897137,GGG,2014J,resource,,
896972,GGG,2014J,oucontent,,
897067,GGG,2014J,resource,,
897120,GGG,2014J,resource,,
896969,GGG,2014J,oucontent,,
897064,GGG,2014J,resource,,
897110,GGG,2014J,resource,,
896966,GGG,2014J,oucontent,,
897061,GGG,2014J,resource,,
897101,GGG,2014J,resource,,
896963,GGG,2014J,oucontent,,
897058,GGG,2014J,resource,,
897094,GGG,2014J,resource,,
896960,GGG,2014J,oucontent,,
897055,GGG,2014J,resource,,
897087,GGG,2014J,resource,,
896957,GGG,2014J,quiz,,
897052,GGG,2014J,resource,3,3
897084,GGG,2014J,resource,,
897152,GGG,2014J,subpage,,
896939,GGG,2014J,forumng,,
896951,GGG,2014J,quiz,,
897049,GGG,2014J,resource,,
897081,GGG,2014J,resource,,
896945,GGG,2014J,quiz,,
896985,GGG,2014J,oucontent,,
897078,GGG,2014J,resource,,
897149,GGG,2014J,resource,,
896982,GGG,2014J,oucontent,,
897075,GGG,2014J,resource,,
897146,GGG,2014J,resource,,
896978,GGG,2014J,oucontent,,
897072,GGG,2014J,resource,,
897143,GGG,2014J,resource,,
896974,GGG,2014J,oucontent,,
897069,GGG,2014J,resource,,
897131,GGG,2014J,resource,,
896971,GGG,2014J,oucontent,,
897066,GGG,2014J,resource,,
897115,GGG,2014J,resource,,
896968,GGG,2014J,oucontent,,
897063,GGG,2014J,resource,,
897109,GGG,2014J,resource,,
896965,GGG,2014J,oucontent,,
897060,GGG,2014J,resource,,
897100,GGG,2014J,resource,,
